{"cameraMode":{"drawMode":0,"name":"Shaded","section":"Shading Mode"},"sceneLighting":false,"audioPlay":false,"sceneViewState":{"showFog":true,"showMaterialUpdate":false,"showSkybox":false,"showFlares":true,"showImageEffects":true,"showParticleSystems":true},"in2DMode":false,"pivot":{"x":0.008033961057662964,"y":0.7575192451477051,"z":-3.005188465118408},"rotation":{"x":-0.2284979522228241,"y":-0.7158923745155335,"z":0.2721754014492035,"w":-0.6010231375694275},"size":0.6229876279830933,"orthographic":false}