{"cameraMode":{"drawMode":0,"name":"Shaded","section":"Shading Mode"},"sceneLighting":true,"audioPlay":false,"sceneViewState":{"showFog":true,"showMaterialUpdate":false,"showSkybox":true,"showFlares":true,"showImageEffects":true,"showParticleSystems":true},"in2DMode":false,"pivot":{"x":-1.076256275177002,"y":-79.50897979736328,"z":86.41934204101563},"rotation":{"x":-0.33844396471977236,"y":0.016084855422377588,"z":-0.005787299480289221,"w":-0.9408485293388367},"size":81.39410400390625,"orthographic":false}